{"cameraMode":{"drawMode":0,"name":"Shaded","section":"Shading Mode"},"sceneLighting":true,"audioPlay":false,"sceneViewState":{"showFog":true,"showMaterialUpdate":false,"showSkybox":true,"showFlares":true,"showImageEffects":true,"showParticleSystems":true},"in2DMode":false,"pivot":{"x":-1.3506277799606324,"y":4.862486839294434,"z":8.40005874633789},"rotation":{"x":0.0036919780541211368,"y":-0.9934739470481873,"z":-0.10890984535217285,"w":-0.03368368744850159},"size":3.3049795627593996,"orthographic":false}