{"cameraMode":{"drawMode":0,"name":"Shaded","section":"Shading Mode"},"sceneLighting":false,"audioPlay":false,"sceneViewState":{"showFog":true,"showMaterialUpdate":false,"showSkybox":true,"showFlares":true,"showImageEffects":true,"showParticleSystems":true},"in2DMode":false,"pivot":{"x":3.6187331676483156,"y":0.5,"z":-3.6665706634521486},"rotation":{"x":0.3679507076740265,"y":-0.005289274733513594,"z":0.0020936736837029459,"w":0.9298279285430908},"size":2.857884645462036,"orthographic":false}